{
  "Version": 1.0,
  "Codecs": [
    {
      "KeyFrameInterval": "00:00:02",
      "H264Layers": [
        {
          "Profile": "Auto",
          "Level": "auto",
          "Bitrate": 3400,
          "MaxBitrate": 3400,
          "BufferWindow": "00:00:05",
          "Width": 1280,
          "Height": 720,
          "BFrames": 3,
          "ReferenceFrames": 3,
          "AdaptiveBFrame": true,
          "Type": "H264Layer",
          "FrameRate": "0/1"
        },
        {
          "Profile": "Auto",
          "Level": "auto",
          "Bitrate": 2250,
          "MaxBitrate": 2250,
          "BufferWindow": "00:00:05",
          "Width": 960,
          "Height": 540,
          "BFrames": 3,
          "ReferenceFrames": 3,
          "AdaptiveBFrame": true,
          "Type": "H264Layer",
          "FrameRate": "0/1"
        },
        {
          "Profile": "Auto",
          "Level": "auto",
          "Bitrate": 1500,
          "MaxBitrate": 1500,
          "BufferWindow": "00:00:05",
          "Width": 960,
          "Height": 540,
          "BFrames": 3,
          "ReferenceFrames": 3,
          "AdaptiveBFrame": true,
          "Type": "H264Layer",
          "FrameRate": "0/1"
        },
        {
          "Profile": "Auto",
          "Level": "auto",
          "Bitrate": 1000,
          "MaxBitrate": 1000,
          "BufferWindow": "00:00:05",
          "Width": 640,
          "Height": 360,
          "BFrames": 3,
          "ReferenceFrames": 3,
          "AdaptiveBFrame": true,
          "Type": "H264Layer",
          "FrameRate": "0/1"
        },
        {
          "Profile": "Auto",
          "Level": "auto",
          "Bitrate": 650,
          "MaxBitrate": 650,
          "BufferWindow": "00:00:05",
          "Width": 640,
          "Height": 360,
          "BFrames": 3,
          "ReferenceFrames": 3,
          "AdaptiveBFrame": true,
          "Type": "H264Layer",
          "FrameRate": "0/1"
        },
        {
          "Profile": "Auto",
          "Level": "auto",
          "Bitrate": 400,
          "MaxBitrate": 400,
          "BufferWindow": "00:00:05",
          "Width": 320,
          "Height": 180,
          "BFrames": 3,
          "ReferenceFrames": 3,
          "AdaptiveBFrame": true,
          "Type": "H264Layer",
          "FrameRate": "0/1"
        }
      ],
      "Type": "H264Video"
    },
    {
      "Profile": "AACLC",
      "Channels": 2,
      "SamplingRate": 48000,
      "Bitrate": 128,
      "Type": "AACAudio"
    },
    {
      "Start": "{Best}",
      "Type": "PngImage",
      "PngLayers": [
        {
          "Type": "PngLayer",
          "Width": 640,
          "Height": 360
        }
      ]
    }
  ],
  "Outputs": [
    {
      "FileName": "{Basename}_{Width}x{Height}_{VideoBitrate}.mp4",
      "Format": {
        "Type": "MP4Format"
      }
    },
    {
      "FileName": "Thumbnail_{Index}{Extension}",
      "Format": {
        "Type": "PngFormat"
      }
    }
  ]
}