{
                  "Version": 1.0,
                  "Sources": [
                    {
                      "StartTime": "00:00:00.000000",
                      "Duration": "00:00:30.000000",
                      "Streams": [
                        {
                          "Type": "AudioStream",
                          "Value": "TopBitrate"
                        },
                        {
                          "Type": "VideoStream",
                          "Value": "TopBitrate"
                        }
                      ]
                    }
                  ],
                  "Outputs": [
                    {
                      "FileName": "ArchiveTopBitrate_{Basename}.mp4",
                      "Format": {
                        "Type": "MP4Format"
                      }
                    }
                  ],
                  "Codecs": [
                    {
                      "Type": "CopyVideo"
                    },
                    {
                      "Type": "CopyAudio"
                    }
                  ]
                }